Order_ID,Customer_ID,Order_Date,Year,Month,Day,Day_Of_Week,Quarter,Customer_Age,Customer_Gender,Country,City,Customer_Segment,Product_ID,Product_Category,Product_Subcategory,Brand,Unit_Price,Quantity,Discount_Percent,Discount_Amount,Coupon_Used,Shipping_Cost,Tax_Amount,Order_Amount,Payment_Method,Device_Type,Traffic_Source,Membership_Status,Shipping_Method,Warehouse_Region,Delivery_Days,Order_Status,Returned,Review_Rating,Customer_Lifetime_Value,Profit_Margin_Percent,Profit_Amount,Season,Holiday_Season,High_Value_Order
626704,CUST006862,04/20/2023,2023,4,20,Thursday,2,19,Female,France,Riyadh,Loyal,PROD00090,Home & Kitchen,Appliances,QuickCart,183.88,5,15,137.91,Yes,12.28,61.7,855.47, CASH ON DELIVERY  ,Desktop,Email,Standard,Standard,North,5,Delivered,No,4.6,4340.33,15.54,132.94,Spring,No,Yes
626253,CUST002657,2025-12-24,2025,12,24,Wednesday,4,23,Male,Canada,Paris,New,PROD01789, Electronics  ,Accessories,ValueMax,535.57,3,10,160.67,Yes,8.04,188.67,1642.75,PayPal,Desktop,Referral,Silver,Pickup,South,7,Delivered,No,3.8,9418.53,23.49,385.88,Winter,Yes,Yes
603980,CUST008000,2026-02-12,2026,2,12,Thursday,1,53,Male,UAE, Toronto  ,Loyal,PROD00661,Fashion,Bags,Trendify,124.72,6,10,74.83,Yes,7.8,79.02,760.31,PAYPAL,Desktop,Referral,Standard,Standard,East,7,Processing,No,4.4,6406.35,19.54,148.56,Winter,No,Yes
617461,CUST000821,2026-05-03,2026,5,3,Sunday,2,36,Male,Pakistan,Berlin,Loyal,PROD00369,SPORTS,Fitness,PrimePlus,106.68,4,10,42.67,Yes,22.44,29.65,436.14,Bank Transfer,Mobile,Referral,Standard,Same Day,South,1,Delivered,No,4.4,2014.69,13.51,58.92,Spring,No,Yes
623620,CUST005377,2023-05-07,2023,5,7,Sunday,2,33,Female,UAE, New York  ,New,PROD01140, Electronics  ,Mobile,PrimePlus,353.61,5,10,176.8,Yes,9.43,137.94,1738.62,WALLET,Tablet,Direct,Silver,Standard,East,7,Delivered,No,4.3,28643.19,19.12,332.42,Spring,No,Yes
629401,CUST003571,02/15/2024,2024,2,15,Thursday,1,31,Male,France,toronto,Returning,PROD00952,GROCERIES,Dairy,UrbanCo,20.61,3,20,12.37,Yes,8.21,3.47,61.14, Wallet  ,Mobile,Social Media,Gold,Standard,North,5,Shipped,No,5.0,448.5,9.94,6.08,Winter,No,No
612845,CUST003547,09/06/2023,2023,9,6,Wednesday,3,48,Female,Germany,Karachi,Returning,PROD01143, Home & Kitchen  ,Furniture,Apex,69.74,4,5,13.95,No,3.89,26.27,295.17, CREDIT CARD  ,Mobile,Paid Ads,Standard,Standard,West,2,Delivered,No,4.4,2435.51,25.55,75.42,Autumn,No,No
612695,CUST007802,11-Jan-2024,2024,1,11,Thursday,1,34,Female,UAE,Mumbai,Loyal,PROD01227,Books,Fiction,UrbanCo,19.76,1,15,2.96,Yes,0.0,2.04,18.84,Wallet,Mobile,Email,Platinum,Standard,Central,4,Shipped,No,4.5,732.1,16.39,3.09,Winter,No,No
615608,CUST001491,02-Jul-2024,2024,7,2,Tuesday,3,25,Male,Germany, Paris  ,New,PROD01104,Groceries,Fresh Produce,UrbanCo,16.36,2,0,0.0,No,15.7,1.92,50.34, Wallet  ,Mobile,Organic Search,Standard,Express,Central,1,Shipped,No,4.3,1013.28,21.92,11.03,Summer,No,No
614929,CUST006832,2025-07-15,2025,7,15,Tuesday,3,41,Male,Germany, toronto  ,New,PROD01411,Sports,Equipment,ValueMax,28.44,4,10,11.38,Yes,25.41,13.46,141.25, Credit Card  ,Mobile,Referral,Silver,Same Day,North,2,Delivered,No,4.4,1565.1,10.57,14.93,Summer,No,No
602805,CUST004454,2024-06-07,2024,6,7,Friday,2,31,Female,France,MUMBAI,Premium,PROD01151,Groceries,Fresh Produce,QuickCart,8.73,2,15,2.62,Yes,17.14,1.12,33.1,Debit Card,Desktop,Email,Silver,Express,South,2,Returned,Yes,3.8,1772.85,18.26,6.04,Summer,No,No
617512,CUST000942,12/17/2025,2025,12,17,Wednesday,4,39,Male,Australia,riyadh,Returning,PROD00737,Groceries,Fresh Produce,UrbanCo,32.64,4,15,19.58,Yes,12.44,13.9,137.32,DEBIT CARD,Mobile,Referral,Gold,Express,West,1,Delivered,No,4.2,1122.93,22.31,30.64,Winter,No,No
614321,CUST003835,06/07/2023,2023,6,7,Wednesday,2,73,Male,United Kingdom, london  ,Loyal,PROD01932, home & kitchen  ,Furniture,PrimePlus,121.79,1,5,6.09,No,14.1,14.18,143.98, Wallet  ,Mobile,Email,Gold,Same Day,East,2,Returned,Yes,3.6,1512.98,23.44,33.75,Summer,No,No
606040,CUST001771,15-Feb-2025,2025,2,15,Saturday,1,52,Female,United Kingdom,Riyadh,Returning,PROD02446,Groceries,Dairy,Trendify,10.16,3,25,7.62,Yes,12.28,1.62,36.76,wallet,Mobile,Email,Silver,Express,West,5,Processing,No,3.9,57.16,14.22,5.23,Winter,No,No
626766,CUST008117,2024-12-29,2024,12,29,Sunday,4,25,Female,Germany,Riyadh,Premium,PROD01831, fashion  ,Men Clothing,QuickCart,62.63,2,15,18.79,Yes,11.49,7.93,N/A, DEBIT CARD  ,Mobile,Organic Search,Silver,Express,East,0,Delivered,No,3.6,3739.14,30.28,38.12,Winter,Yes,No
628987,CUST002778,12/06/2024,2024,12,6,Friday,4,61,Male,Germany, London  ,Loyal,PROD01781,Books,Non-Fiction,Zenith,34.61,2,0,0.0,No,1.44,7.16,77.82,Bank Transfer,Mobile,Social Media,Standard,Standard,West,6,Delivered,No,3.8,1461.51,14.0,10.89,Winter,Yes,No
605231,CUST004275,27-Oct-2026,2026,10,27,Tuesday,4,32,Female,UAE,Riyadh,Returning,PROD00558,Books,Non-Fiction,ValueMax,15.93,3,0,0.0,No,9.42,3.08,60.29,PAYPAL,Mobile,Social Media,Standard,Standard,East,9,Returned,Yes,2.9,517.01,39.77,23.98,Autumn,No,No
625478,CUST004985,2024/11/16,2024,11,16,Saturday,4,39,Male,United States,London,Loyal,PROD02080,groceries,Snacks,Apex,29.45,3,25,22.09,Yes,15.46,7.53,89.25,CREDIT CARD,Mobile,Email,Standard,Express,East,0,Cancelled,No,4.0,2213.31,18.74,16.73,Autumn,No,No
608164,CUST007324,2026/07/15,2026,7,15,Wednesday,3,39,Male,Saudi Arabia, Sydney  ,Returning,PROD01248, fashion  ,Bags,Apex,61.29,6,0,0.0,No,13.9,27.23,408.87,Credit Card,Mobile,Email,Silver,Standard,West,7,Shipped,No,,3207.78,39.26,160.52,Summer,Yes,Yes
628690,CUST006917,29-Dec-2024,2024,12,29,Sunday,4,26,Female,United States,MUMBAI,Loyal,PROD02496,SPORTS,Sportswear,ValueMax,179.12,5,30,268.68,Yes,6.78,36.45,670.15,credit card,Mobile,Direct,Standard,Pickup,West,6,Delivered,No,,12053.78,10.4,69.7,Winter,Yes,Yes
617936,CUST001038,09-May-2025,2025,5,9,Friday,2,46,Female,United States,TORONTO,New,PROD01032,Beauty,Haircare,Zenith,27.53,2,15,8.26,Yes,2.67,6.11,55.58,PayPal,Mobile,Social Media,Standard,Standard,South,5,Delivered,No,3.9,494.24,35.26,19.6,Spring,No,No
618224,CUST001669,08-Jul-2023,2023,7,8,Saturday,3,22,Male,Australia,LONDON,Loyal,PROD01584,Home & Kitchen,Appliances,Trendify,109.4,5,0,0.0,Yes,17.47,24.45,588.92,Cash on Delivery,Mobile,Organic Search,Silver,Express,North,4,Delivered,No,3.5,6236.73,29.12,171.49,Summer,No,Yes
626860,CUST004484,2024-02-09,2024,2,9,Friday,1,39,Female,France,New York,Loyal,PROD00218, Home & Kitchen  ,Cookware,UrbanCo,381.78,4,0,0.0,No,15.46,151.56,1694.14,Cash on Delivery,Desktop,Email,Standard,Express,East,3,Delivered,No,3.4,7679.9,17.98,304.61,Winter,No,Yes
629331,CUST003591,01/23/2024,2024,1,23,Tuesday,1,25,Female,UAE, Toronto  ,Returning,PROD01569, FASHION  ,Shoes,ValueMax,104.41,6,0,0.0,No,10.73,40.36,677.55,credit card,Mobile,Email,Standard,Standard,South,5,Delivered,No,3.9,10238.31,23.37,158.34,Winter,No,Yes
606961,CUST005848,02-Apr-2024,2024,4,2,Tuesday,2,38,Female,United Kingdom,Karachi,Returning,PROD01624,Beauty,Skincare,Zenith,67.53,4,30,81.04,Yes,9.95,22.38,221.41,Bank Transfer,Mobile,Direct,Silver,Standard,Central,1,Delivered,No,4.8,1403.44,14.62,32.37,Spring,No,No
603233,CUST008198,2026/01/02,2026,1,2,Friday,1,45,Male,India, Toronto  ,Returning,PROD00540,Books,Comics,FreshMart,15.82,3,0,0.0,No,8.53,4.33,60.32,cash on delivery,Desktop,Paid Ads,Standard,Standard,East,8,Delivered,No,4.9,390.96,23.9,14.42,Winter,No,No
627231,CUST004931,2025-01-04,2025,1,4,Saturday,1,21,Male,United States,BERLIN,Premium,PROD01150, FASHION  ,Women Clothing,QuickCart,82.73,2,0,0.0,No,3.62,5.75,174.83,PAYPAL,Mobile,Organic Search,Platinum,Standard,South,7,Delivered,No,4.2,4288.77,26.01,45.47,Winter,No,No
626904,CUST003194,26-Jun-2023,2023,6,26,Monday,2,44,Female,Germany,sydney,New,PROD00062, Sports  ,Sportswear,PrimePlus,55.69,1,10,5.57,Yes,10.53,5.37,66.02,Wallet,Mobile,Social Media,Standard,Express,West,0,Returned,Yes,3.0,1046.52,6.62,4.37,Summer,Yes,No
600099,CUST005266,11/07/2025,2025,11,7,Friday,4,23,Male,Pakistan,SYDNEY,Returning,PROD00258, Toys  ,Educational,Apex,39.04,2,0,0.0,No,5.09,5.24,88.41,debit card,Tablet,Email,Standard,Standard,North,6,Delivered,No,3.8,893.51,18.57,16.42,Autumn,No,No
603662,CUST003107,10/15/2023,2023,10,15,Sunday,4,21,Male,India, Karachi  ,New,PROD01169, ELECTRONICS  ,Mobile,FreshMart,239.11,3,0,0.0,No,5.19,63.78,786.3,DEBIT CARD,Mobile,Social Media,Standard,Standard,North,9,Returned,Yes,,10270.69,10.17,79.97,Autumn,No,Yes
629472,CUST004104,08-Aug-2026,2026,8,8,Saturday,3,49,Female,Germany,,Returning,PROD02054,Fashion,Bags,Trendify,39.57,4,0,0.0,No,5.39,14.54,178.21,paypal,Mobile,Organic Search,Silver,Standard,West,7,Delivered,No,2.4,1499.1,21.21,37.8,Summer,No,No
601091,CUST005279,2026-11-26,2026,11,26,Thursday,4,999,Male,United States,Toronto,Premium,PROD00150,beauty,Skincare,UrbanCo,51.76,3,10,15.53,Yes,5.0,13.6,158.35, Credit Card  ,Desktop,Email,Gold,Standard,North,1,Delivered,No,3.8,3412.06,26.24,41.55,Autumn,Yes,No
600174,CUST007096,30-Nov-2025,2025,11,30,Sunday,4,40,Female,UAE,New York,New,PROD01577, Fashion  ,Shoes,EcoLife,115.83,1,35,40.54,Yes,4.33,13.0,92.62, wallet  ,Mobile,Organic Search,Standard,Standard,Central,5,Delivered,No,4.3,1125.08,17.35,16.07,Autumn,Yes,No
601579,CUST001937,2023/11/12,2023,11,12,Sunday,4,71,Male,UAE,,Returning,PROD02371, Fashion  ,Shoes,Nova,61.56,5,15,46.17,Yes,17.81,22.43,301.87,Cash on Delivery,Desktop,Email,Silver,Express,West,0,Delivered,No,4.7,4862.46,7.3,22.04,Autumn,Yes,No
625355,CUST005499,2025-11-09,2025,11,9,Sunday,4,22,Male,United States,karachi,New,PROD01698, home & kitchen  ,Appliances,Zenith,203.88,1,10,20.39,Yes,8.31,20.58,212.38,credit card,Mobile,Email,Standard,Standard,East,3,Delivered,No,3.6,2817.37,9.35,19.86,Autumn,Yes,No
622968,CUST008116,2025-09-03,2025,9,3,Wednesday,3,25,Male,Germany,Paris,Premium,PROD02357,groceries,Dairy,Nova,25.77,1,25,6.44,Yes,6.69,3.06,29.08,Wallet,Desktop,Direct,Standard,Standard,East,7,Processing,No,3.0,1364.11,17.67,5.14,Autumn,No,No
627031,CUST002079,08/06/2026,2026,8,6,Thursday,3,28,Female,India, Sydney  ,Loyal,PROD00642, Groceries  ,Dairy,FreshMart,12.14,2,10,2.43,Yes,6.0,0.87,28.72,Bank Transfer,Mobile,Referral,Silver,Standard,North,7,Delivered,No,5.0,525.19,7.19,2.06,Summer,No,No
606551,CUST008975,05/04/2024,2024,5,4,Saturday,2,37,Female,India,New York,Loyal,PROD02090, electronics  ,Laptop,Nova,232.49,1,25,58.12,Yes,2.85,27.69,204.91,Wallet,Mobile,Social Media,Platinum,Express,South,5,Delivered,No,3.6,2207.08,7.85,16.09,Spring,No,No
614772,CUST006539,01/02/2026,2026,1,2,Friday,1,51,Female,India, DUBAI  ,Returning,PROD00393,Beauty,Skincare,Apex,40.78,7,5,14.27,No,13.57,22.07,306.83,PAYPAL,Desktop,Paid Ads,Standard,Standard,West,8,Delivered,No,4.2,3775.1,34.82,106.84,Winter,No,No
600527,CUST003293,23-Sep-2024,2024,9,23,Monday,3,38,Male,Saudi Arabia, London  ,Returning,PROD01988, groceries  ,Dairy,UrbanCo,11.7,4,10,4.68,Yes,7.56,4.77,54.45,cash on delivery,Mobile,Paid Ads,Standard,Standard,West,6,Shipped,No,4.0,786.91,4.84,2.64,Autumn,No,No
601255,CUST001692,07/03/2023,2023,7,3,Monday,3,24,Male,India,LONDON,Returning,PROD02289,home & kitchen,Appliances,PrimePlus,120.63,7,30,253.32,Yes,9.37,63.56,664.02, Cash on Delivery  ,Desktop,Referral,Silver,Standard,North,2,Delivered,No,4.5,4892.51,22.81,151.46,Summer,No,Yes
608229,CUST006386,20-Dec-2023,2023,12,20,Wednesday,4,55,Male,United States,MUMBAI,Returning,PROD00195, Home & Kitchen  ,Appliances,QuickCart,61.74,4,25,61.74,Yes,7.89,25.08,218.19,Wallet,Mobile,Direct,Standard,Standard,South,4,Returned,Yes,3.0,3435.92,15.87,34.63,Winter,Yes,No
616847,CUST007577,2026-04-05,2026,4,5,Sunday,2,18,Female,Australia, KARACHI  ,Loyal,PROD01005,Fashion,Bags,Zenith,90.15,5,0,0.0,Yes,12.57,51.99,515.31,Cash on Delivery,Tablet,Social Media,Standard,Pickup,North,7,Processing,No,4.0,6139.92,47.0,242.2,Spring,No,Yes
628510,CUST001760,2025/08/11,2025,8,11,Monday,3,46,Female,United States,Mumbai,Returning,PROD01557,BOOKS,Education,UrbanCo,41.64,5,0,0.0,No,7.23,10.34,225.77,PayPal,Mobile,Social Media,Gold,Standard,West,6,Delivered,No,4.4,3538.39,35.54,80.24,Summer,No,No
604444,CUST004006,05-Sep-2023,2023,9,5,Tuesday,3,19,Female,Pakistan,New York,Loyal,PROD02425,groceries,Dairy,Nova,16.43,1,15,2.46,Yes,15.07,1.77,30.81,Credit Card,Mobile,Paid Ads,Silver,Express,Central,5,Delivered,No,,1141.72,15.13,4.66,Autumn,Yes,No
600983,CUST005813,2024-12-25,2024,12,25,Wednesday,4,37,Female,Saudi Arabia,toronto,New,PROD01691,Groceries,Beverages,QuickCart,18.93,2,0,0.0,No,15.64,3.96,57.46,BANK TRANSFER,Mobile,Paid Ads,Standard,Express,Central,4,Delivered,No,4.1,586.98,21.83,12.54,Winter,Yes,No
601281,CUST007411,2024/02/01,2024,2,1,Thursday,1,999,Female,Australia,Dubai,Loyal,PROD00935,BEAUTY,Haircare,FreshMart,31.29,4,15,18.77,Yes,14.83,4.58,N/A,Credit Card,Mobile,Direct,Standard,Express,Central,1,Returned,Yes,3.8,1073.41,17.45,21.95,Winter,No,No
628680,CUST002959,05/18/2023,2023,5,18,Thursday,2,40,Male,Saudi Arabia,BERLIN,New,PROD02094,FASHION,Women Clothing,Trendify,56.14,4,15,33.68,Yes,10.16,14.02,215.06,Credit Card,Mobile,Organic Search,Standard,Pickup,Central,4,Processing,No,3.5,844.48,21.73,46.73,Spring,No,No
617247,CUST002865,2023/04/22,2023,4,22,Saturday,2,43,Male,Canada,Riyadh,Returning,PROD00837,Home & Kitchen,Cookware,Trendify,127.05,3,35,133.4,Yes,8.52,25.93,282.2,Wallet,Mobile,Social Media,Silver,Standard,North,3,Returned,Yes,2.6,3930.68,26.79,75.6,Spring,No,No
628092,CUST008915,02-Mar-2024,2024,3,2,Saturday,1,32,Male,France,PARIS,New,PROD00059,Beauty,Haircare,Nova,40.98,2,0,0.0,No,7.81,3.51,93.28, Debit Card  ,Mobile,Organic Search,Standard,Standard,North,5,Delivered,No,3.6,790.17,35.0,32.65,Spring,Yes,No
627034,CUST005378,2024/01/18,2024,1,18,Thursday,1,35,Female,United Kingdom,SYDNEY,Returning,PROD01892,Groceries,Dairy,Apex,11.09,1,25,2.77,Yes,1.23,1.28,10.83, PAYPAL  ,Mobile,Email,Gold,Standard,North,8,Delivered,No,5.0,205.27,33.54,3.63,Winter,No,No
625330,CUST008706,17-Mar-2025,2025,3,17,Monday,1,34,Female,Australia,Sydney,Returning,PROD01545, Home & Kitchen  ,Decor,UrbanCo,135.77,1,10,13.58,Yes,7.33,13.71,143.23,WALLET,Mobile,Referral,Standard,Standard,South,6,Delivered,No,3.9,2254.49,16.34,23.4,Spring,No,No
605452,CUST005275,29-Sep-2025,2025,9,29,Monday,3,60,Male,Australia,London,Loyal,PROD02186, Fashion  ,Women Clothing,UrbanCo,42.18,3,10,12.65,Yes,17.85,4.49,136.23,BANK TRANSFER,Desktop,Organic Search,Silver,Express,Central,2,Processing,No,4.5,2215.44,25.95,35.35,Autumn,No,No
613698,CUST006223,23-Sep-2024,2024,9,23,Monday,3,18,Female,Saudi Arabia,Berlin,Returning,PROD02353,Fashion,Men Clothing,EcoLife,45.48,6,15,40.93,Yes,4.74,22.8,259.49, wallet  ,Mobile,Direct,Platinum,Standard,East,6,Delivered,No,5.0,1904.23,29.04,75.36,Autumn,No,No
612353,CUST005384,2023/05/25,2023,5,25,Thursday,2,43,Male,Germany,,New,PROD00165,Sports,Equipment,ValueMax,62.15,2,15,18.64,Yes,15.79,12.42,133.87,BANK TRANSFER,Desktop,Direct,Standard,Express,South,1,Delivered,No,5.0,2022.48,32.59,43.63,Spring,No,No
606473,CUST005525,08/22/2026,2026,8,22,Saturday,3,30,Female,Germany,RIYADH,Premium,PROD00986,Electronics,Laptop,ValueMax,926.13,3,30,833.52,Yes,20.64,141.79,2107.3, Debit Card  ,Desktop,Email,Standard,Express,West,3,Delivered,No,,6804.33,3.0,63.22,Summer,No,Yes
612788,CUST000602,2024-08-12,2024,8,12,Monday,3,37,Male,India,,Premium,PROD00046,groceries,Dairy,QuickCart,18.14,2,10,3.63,Yes,13.81,1.34,47.8,debit card,Desktop,Referral,Standard,Express,North,4,Delivered,No,4.6,2112.94,21.12,10.1,Summer,No,No
619713,CUST001961,2023-06-30,2023,6,30,Friday,2,39,Male,Australia,Riyadh,Loyal,PROD01467, Sports  ,Fitness,Trendify,47.71,2,5,4.77,No,15.13,10.55,116.33,Cash on Delivery,Desktop,Referral,Standard,Express,North,3,Delivered,No,4.7,1166.37,24.02,27.94,Summer,No,No
619541,CUST007276,24-Aug-2026,2026,8,24,Monday,3,21,Female,Canada, Sydney  ,New,PROD01705, BEAUTY  ,Haircare,QuickCart,33.09,3,0,0.0,No,6.04,11.05,116.36,WALLET,Mobile,Organic Search,Standard,Standard,East,5,Delivered,No,4.4,1477.29,41.45,48.23,Summer,No,No
615499,CUST001934,08/23/2024,2024,8,23,Friday,3,32,Female,Australia,Sydney,Returning,PROD01547,Sports,Sportswear,Apex,76.74,6,25,115.11,Yes,12.46,23.71,381.5,Wallet,Mobile,Direct,Standard,Standard,South,3,Delivered,No,4.5,4185.34,9.44,36.01,Summer,No,No
601129,CUST005899,2024-07-14,2024,7,14,Sunday,3,24,Male,Pakistan,Paris,Returning,PROD00498,Fashion,Women Clothing,ValueMax,44.02,3,0,0.0,Yes,6.82,10.9,149.78,CASH ON DELIVERY,Mobile,Referral,Standard,Pickup,North,6,Delivered,No,,626.64,33.98,50.9,Summer,No,No
608219,CUST007964,05-Jul-2024,2024,7,5,Friday,3,999,Male,United States, DUBAI  ,New,PROD02381, Fashion  ,Shoes,Nova,84.38,5,30,126.57,Yes,9.61,14.34,319.28,CASH ON DELIVERY,Mobile,Organic Search,Standard,Standard,West,5,Delivered,No,4.4,1216.11,36.49,116.51,Summer,No,No
615261,CUST001014,08-May-2023,2023,5,8,Monday,2,39,Female,Pakistan,Karachi,New,PROD01105,Groceries,Dairy,FreshMart,19.62,3,15,8.83,Yes,8.79,2.97,61.79,WALLET,Mobile,Social Media,Silver,Pickup,East,2,Delivered,No,4.8,423.47,19.66,12.15,Spring,No,No
606729,CUST008889,29-Oct-2026,2026,10,29,Thursday,4,59,Female,United States,Toronto,Returning,PROD00747,SPORTS,Fitness,FreshMart,108.72,1,0,0.0,No,4.38,7.04,120.14,PayPal,Mobile,Paid Ads,Standard,Standard,West,7,Delivered,No,,483.93,19.09,22.93,Autumn,No,No
603016,CUST006407,31-Dec-2026,2026,12,31,Thursday,4,28,Female,United Kingdom,London,Loyal,PROD00943, HOME & KITCHEN  ,Cookware,Nova,152.0,2,5,15.2,Yes,3.53,32.84,325.17, BANK TRANSFER  ,Mobile,Paid Ads,Standard,Standard,South,7,Delivered,No,4.4,4656.3,36.51,118.72,Winter,Yes,No
600559,CUST007175,06-Oct-2025,2025,10,6,Monday,4,42,Female,France, Berlin  ,Premium,PROD02423,Beauty,Haircare,Apex,55.04,2,20,22.02,Yes,8.18,10.44,106.68,paypal,Tablet,Organic Search,Standard,Standard,Central,5,Delivered,No,4.4,3154.59,18.26,19.48,Autumn,No,No
624289,CUST004508,10/13/2024,2024,10,13,Sunday,4,31,Male,India,London,New,PROD01189, FASHION  ,Men Clothing,EcoLife,90.74,5,0,0.0,No,8.73,24.87,487.3,Debit Card,Mobile,Referral,Silver,Standard,North,3,Returned,Yes,2.9,9226.36,35.69,173.92,Autumn,No,Yes
623744,CUST002452,05/25/2025,2025,5,25,Sunday,2,47,Female,Australia,new york,Returning,PROD00944,fashion,Shoes,UrbanCo,61.01,4,0,0.0,No,25.17,10.3,279.51,DEBIT CARD,Desktop,Direct,Gold,Same Day,West,1,Processing,No,4.2,5428.55,23.72,66.3,Spring,No,No
622559,CUST008621,16-Jan-2024,2024,1,16,Tuesday,1,28,Male,Pakistan,BERLIN,New,PROD00802, Home & Kitchen  ,Appliances,FreshMart,124.66,2,25,62.33,Yes,4.21,22.24,213.44,Wallet,Mobile,Social Media,Gold,Standard,Central,4,Delivered,No,3.7,3729.93,11.94,25.48,Winter,No,No
615773,CUST005436,10/11/2024,2024,10,11,Friday,4,30,Male,India,BERLIN,Loyal,PROD00855,Home & Kitchen,Cookware,PrimePlus,195.17,4,15,117.1,Yes,10.13,93.18,766.89,PayPal,Desktop,Paid Ads,Standard,Standard,West,9,Delivered,No,4.2,13094.1,13.65,104.68,Autumn,No,Yes
620227,CUST002694,2024/04/07,2024,4,7,Sunday,2,39,Male,United States,Dubai,Loyal,PROD00031,Fashion,Shoes,FreshMart,91.89,4,40,147.02,Yes,6.5,31.15,258.19,Cash on Delivery,Mobile,Direct,Gold,Standard,North,5,Delivered,No,5.0,3825.54,22.91,59.15,Spring,No,No
624339,CUST002535,2023-11-03,2023,11,3,Friday,4,31,Female,Pakistan,TORONTO,Returning,PROD02288,Books,Comics,Zenith,12.03,1,5,0.6,No,0.0,0.74,12.17,wallet,Mobile,Email,Gold,Standard,Central,3,Processing,No,3.8,84.17,21.39,2.6,Autumn,No,No
618470,CUST008238,2026-04-03,2026,4,3,Friday,2,24,Female,Australia,Karachi,Loyal,PROD00337,HOME & KITCHEN,Appliances,UrbanCo,39.19,4,25,39.19,Yes,18.03,7.4,143.0,cash on delivery,Mobile,Social Media,Silver,Express,North,3,Cancelled,No,5.0,1066.16,5.86,8.38,Spring,No,No
608000,CUST004169,05/30/2025,2025,5,30,Friday,2,19,Male,United States,Paris,Premium,PROD00387,Fashion,Women Clothing,Zenith,113.16,3,0,0.0,Yes,15.13,37.61,392.22, wallet  ,Mobile,Social Media,Standard,Express,West,0,Processing,No,4.3,6127.13,40.41,158.5,Spring,No,Yes
624670,CUST008585,09-Sep-2023,2023,9,9,Saturday,3,25,Male,Saudi Arabia,Mumbai,Premium,PROD02339, Books  ,Education,ValueMax,27.88,3,0,0.0,No,5.61,8.57,97.82,Debit Card,Desktop,Organic Search,Standard,Standard,North,7,Delivered,No,4.8,1359.44,22.92,22.42,Autumn,Yes,No
603822,CUST000084,02-Feb-2023,2023,2,2,Thursday,1,29,Male,Germany,Toronto,Returning,PROD01318,ELECTRONICS,Headphones,Nova,662.56,3,5,99.38,No,6.07,184.35,2078.72, Credit Card  ,Mobile,Direct,Standard,Standard,Central,3,Cancelled,No,4.4,24954.48,25.26,525.08,Winter,No,Yes
620773,CUST005600,15-Apr-2024,2024,4,15,Monday,2,43,Male,India, Riyadh  ,Returning,PROD01252, Electronics  ,Headphones,Zenith,644.88,3,0,0.0,No,8.93,87.29,N/A,cash on delivery,Mobile,Paid Ads,Silver,Pickup,Central,4,Returned,Yes,3.0,33648.51,15.14,307.47,Spring,No,Yes
607574,CUST007796,13-Dec-2026,2026,12,13,Sunday,4,33,Male,France,Paris,New,PROD00558,Electronics,Headphones,EcoLife,891.16,3,40,1069.39,Yes,9.41,319.65,1933.15, Bank Transfer  ,Desktop,Paid Ads,Standard,Standard,South,5,Shipped,No,4.5,8245.46,3.0,57.99,Winter,Yes,Yes
612401,CUST007760,30-Aug-2025,2025,8,30,Saturday,3,36,Male,Saudi Arabia,Berlin,Returning,PROD01606, GROCERIES  ,Fresh Produce,QuickCart,23.15,4,10,9.26,Yes,6.34,6.97,96.65,DEBIT CARD,Mobile,Referral,Standard,Standard,Central,11,Delivered,No,3.2,872.68,30.16,29.15,Summer,No,No
619680,CUST008776,2026-02-02,2026,2,2,Monday,1,46,Other,France,Berlin,Returning,PROD00457, Beauty  ,Fragrance,Zenith,77.13,3,0,0.0,No,5.63,12.67,249.69, Cash on Delivery  ,Mobile,Direct,Gold,Pickup,South,2,Delivered,No,4.8,2181.66,27.0,67.42,Winter,No,No
624903,CUST006832,27-May-2026,2026,5,27,Wednesday,2,41,Male,Canada, SYDNEY  ,Returning,PROD00030,Fashion,Men Clothing,FreshMart,27.48,2,10,5.5,Yes,12.5,4.15,N/A,PayPal,Mobile,Paid Ads,Silver,Express,West,1,Processing,No,4.6,155.42,21.27,14.06,Spring,No,No
603607,CUST004099,2025/05/24,2025,5,24,Saturday,2,54,Female,Germany,Riyadh,New,PROD01314,BOOKS,Non-Fiction,EcoLife,32.1,1,25,8.02,Yes,12.88,3.64,40.6, Cash on Delivery  ,Desktop,Social Media,Silver,Express,West,1,Delivered,No,5.0,432.46,13.62,5.53,Spring,No,No
615183,CUST007752,05/12/2026,2026,5,12,Tuesday,2,33,Male,United States,New York,New,PROD00489, HOME & KITCHEN  ,Decor,Zenith,42.94,7,15,45.09,Yes,14.92,21.89,292.3,PayPal,Mobile,Email,Standard,Pickup,Central,7,Delivered,No,4.0,2337.33,21.01,61.41,Spring,No,No
618907,CUST008513,2023-09-03,2023,9,3,Sunday,3,43,Male,Saudi Arabia,PARIS,Returning,PROD01571,Groceries,Snacks,Trendify,34.64,2,15,10.39,Yes,13.27,2.71,74.87, cash on delivery  ,Desktop,Paid Ads,Gold,Same Day,South,4,Delivered,No,4.9,71.81,13.75,10.29,Autumn,No,No
604072,CUST002472,26-Mar-2024,2024,3,26,Tuesday,1,52,Female,France,Sydney,New,PROD01766, ELECTRONICS  ,Accessories,QuickCart,504.17,4,20,403.34,Yes,13.29,85.67,1712.3,Bank Transfer,Tablet,Referral,Gold,Express,Central,2,Delivered,No,4.8,13071.04,3.0,51.37,Spring,Yes,Yes
620346,CUST007566,17-Jun-2024,2024,6,17,Monday,2,26,Female,Canada,New York,Returning,PROD00823,electronics,Laptop,ValueMax,516.4,3,5,77.46,No,2.34,175.78,1649.86, Credit Card  ,Mobile,Paid Ads,Gold,Standard,East,8,Delivered,No,3.4,8621.53,30.83,508.65,Summer,No,Yes
602890,CUST000789,02/23/2026,2026,2,23,Monday,1,999,Male,France,Mumbai,Returning,PROD00636,GROCERIES,Fresh Produce,PrimePlus,14.34,2,15,4.3,Yes,9.5,3.27,37.15,Wallet,Mobile,Referral,Silver,Standard,East,3,Cancelled,No,3.9,227.81,28.88,10.73,Winter,No,No
607105,CUST005560,06-Oct-2024,2024,10,6,Sunday,4,30,Female,Germany,DUBAI,Returning,PROD02236,electronics,Mobile,QuickCart,366.78,4,5,73.36,No,20.24,83.79,1497.79,paypal,Mobile,Referral,Standard,Same Day,Central,5,Delivered,No,3.4,9040.1,21.97,329.06,Autumn,No,Yes
624573,CUST000739,01-Aug-2025,2025,8,1,Friday,3,30,Female,Pakistan,mumbai,New,PROD00134,FASHION,Shoes,Apex,114.04,4,5,22.81,No,19.02,51.11,503.48,Bank Transfer,Desktop,Referral,Silver,Express,North,4,Returned,Yes,2.4,1995.13,26.54,133.62,Summer,No,Yes
623638,CUST004812,2023/02/24,2023,2,24,Friday,1,44,Male,Canada,NEW YORK,Returning,PROD02152,beauty,Makeup,Zenith,31.74,3,0,0.0,No,11.99,8.87,116.08,cash on delivery,Mobile,Referral,Silver,Express,North,5,Delivered,No,3.2,1015.51,36.78,42.69,Winter,No,No
607143,CUST003648,02/06/2023,2023,2,6,Monday,1,35,Male,Australia,dubai,Returning,PROD01032, Home & Kitchen  ,Decor,EcoLife,232.34,3,5,34.85,No,8.93,67.87,738.97,WALLET,Desktop,Direct,Standard,Standard,East,5,Delivered,No,3.3,5431.77,29.5,218.0,Winter,No,Yes
610142,CUST008980,2025-02-12,2025,2,12,Wednesday,1,26,Female,Canada,Karachi,Returning,PROD00882,Beauty,Haircare,PrimePlus,31.78,5,15,23.84,Yes,17.86,16.83,169.75,Debit Card,Tablet,Social Media,Silver,Express,South,3,Delivered,No,4.5,2420.0,26.94,45.73,Winter,No,No
607092,CUST004251,09/23/2025,2025,9,23,Tuesday,3,35,Female,France,paris,Loyal,PROD02054,Electronics,Laptop,Zenith,700.1,3,30,630.09,Yes,17.65,93.54,1581.4,Debit Card,Desktop,Social Media,Standard,Express,South,0,Delivered,No,3.9,10265.59,21.41,338.58,Autumn,No,Yes
620778,CUST002476,2024-03-30,2024,3,30,Saturday,1,27,Male,India,Berlin,Loyal,PROD00990,beauty,Fragrance,Zenith,49.89,7,20,69.85,Yes,10.69,35.06,325.13,paypal,Mobile,Referral,Standard,Pickup,North,7,Delivered,No,3.9,6744.8,27.44,89.22,Spring,No,No
605434,CUST000738,27-Sep-2026,2026,9,27,Sunday,3,72,Female,UAE, New York  ,Returning,PROD00252,Home & Kitchen,Cookware,FreshMart,152.05,4,20,121.64,Yes,23.79,38.63,548.98,Bank Transfer,Mobile,Referral,Gold,Same Day,North,0,Cancelled,No,4.0,2603.38,14.4,79.05,Autumn,No,Yes
612815,CUST005848,2024/03/05,2024,3,5,Tuesday,1,33,Female,France, berlin  ,Returning,PROD00573, Groceries  ,Fresh Produce,Nova,28.61,2,10,5.72,Yes,7.46,6.73,65.69,PayPal,Desktop,Organic Search,Standard,Standard,South,6,Delivered,No,4.1,958.85,12.81,8.41,Spring,No,No
612302,CUST007752,08/03/2023,2023,8,3,Thursday,3,31,Female,Pakistan, toronto  ,New,PROD00623, Books  ,Non-Fiction,FreshMart,36.78,2,15,11.03,Yes,2.98,4.1,69.61,wallet,Mobile,Referral,Standard,Standard,West,5,Delivered,No,4.3,347.13,21.57,15.01,Summer,No,No
607748,CUST006575,2026/05/12,2026,5,12,Tuesday,2,47,Male,UAE,Mumbai,Returning,PROD00381,Groceries,Beverages,Trendify,24.33,3,0,0.0,No,13.07,8.65,94.71,PayPal,Mobile,Referral,Standard,Express,South,4,Delivered,No,4.4,652.74,15.96,15.12,Spring,No,No
613998,CUST008670,2026-12-31,2026,12,31,Thursday,4,28,Female,France,Dubai,New,PROD02179, Fashion  ,Men Clothing,Nova,81.75,3,0,0.0,No,3.28,28.01,276.54,WALLET,Mobile,Social Media,Platinum,Standard,East,4,Cancelled,No,4.5,4294.33,30.7,84.9,Winter,Yes,No
616248,CUST008135,06-Sep-2024,2024,9,6,Friday,3,50,Male,Germany,Riyadh,Returning,PROD02338,GROCERIES,Dairy,Nova,11.33,2,0,0.0,No,6.78,1.63,31.07,wallet,Mobile,Social Media,Standard,Standard,East,4,Shipped,No,4.3,407.01,10.82,3.36,Autumn,No,No
609767,CUST001454,2026-06-18,2026,6,18,Thursday,2,32,Male,India,New York,New,PROD02273,FASHION,Women Clothing,Apex,58.99,3,0,0.0,No,7.26,6.01,190.24,Bank Transfer,Desktop,Organic Search,Standard,Standard,South,5,Cancelled,No,4.3,1727.41,32.29,61.43,Summer,No,No
604486,CUST008181,2025-07-19,2025,7,19,Saturday,3,28,Female,Pakistan,Sydney,New,PROD00048,Electronics,Accessories,UrbanCo,1137.33,2,10,227.47,Yes,5.5,68.93,2121.62, PayPal  ,Mobile,Email,Standard,Standard,North,7,Returned,Yes,2.6,31340.78,25.23,535.28,Summer,No,Yes
614476,CUST007218,2024-12-17,2024,12,17,Tuesday,4,25,Female,UAE,Toronto,Loyal,PROD01780,Electronics,Headphones,Trendify,339.02,2,15,101.71,Yes,22.42,49.27,648.02,Cash on Delivery,Desktop,Direct,Standard,Same Day,South,1,Delivered,No,3.9,2783.78,12.42,80.48,Winter,Yes,Yes
620248,CUST003039,08/13/2024,2024,8,13,Tuesday,3,37,Female,Australia,mumbai,New,PROD00275, Fashion  ,Women Clothing,Trendify,53.2,2,5,5.32,Yes,5.93,11.47,118.48,bank transfer,Tablet,Organic Search,Silver,Standard,North,8,Delivered,No,3.6,1609.87,27.69,32.81,Summer,No,No
620389,CUST002437,11-May-2023,2023,5,11,Thursday,2,18,Female,France,London,New,PROD00775,Groceries,Dairy,Apex,15.19,3,5,2.28,No,12.12,3.89,59.3, BANK TRANSFER  ,Mobile,Social Media,Gold,Express,East,4,Delivered,No,4.4,189.47,25.5,15.12,Spring,No,No
604565,CUST004048,05/06/2024,2024,5,6,Monday,2,40,Female,Pakistan,Karachi,New,PROD00339,GROCERIES,Dairy,QuickCart,40.11,2,0,0.0,No,17.18,4.05,N/A,Bank Transfer,Tablet,Email,Standard,Express,South,3,Delivered,No,4.4,1433.61,18.63,18.9,Spring,No,No
608305,CUST004486,04/24/2023,2023,4,24,Monday,2,26,Female,United States,Dubai,Returning,PROD01510,Fashion,Bags,EcoLife,102.92,4,30,123.5,Yes,15.76,32.41,336.35,cash on delivery,Mobile,Paid Ads,Standard,Express,North,0,Returned,Yes,,3535.75,30.17,101.48,Spring,No,No
623989,CUST005632,03/17/2024,2024,3,17,Sunday,1,37,Female,United States,Toronto,Loyal,PROD00357,ELECTRONICS,Mobile,ValueMax,552.0,3,0,0.0,No,9.01,157.5,1822.51, PayPal  ,Desktop,Paid Ads,Standard,Pickup,West,4,Returned,Yes,,34985.5,9.68,176.42,Spring,No,Yes
625174,CUST006679,03/06/2023,2023,3,6,Monday,1,26,Male,France, Toronto  ,Returning,PROD01521,GROCERIES,Snacks,Trendify,13.32,1,5,0.67,Yes,0.0,1.03,13.68,PayPal,Mobile,Social Media,Gold,Standard,East,9,Delivered,No,3.0,266.52,36.27,4.96,Spring,No,No
614109,CUST004594,2025/03/17,2025,3,17,Monday,1,63,Male,India,Toronto,Returning,PROD02406,Fashion,Bags,ValueMax,85.42,1,40,34.17,Yes,4.88,4.5,60.63,credit card,Mobile,Organic Search,Standard,Standard,Central,7,Delivered,No,5.0,706.38,16.03,9.72,Spring,No,No
626108,CUST006957,2025/07/31,2025,7,31,Thursday,3,49,Female,Canada,Berlin,Loyal,PROD01920,electronics,Mobile,Apex,264.0,4,10,105.6,Yes,17.04,111.86,1079.3,DEBIT CARD,Mobile,Direct,Silver,Express,Central,6,Delivered,No,,5458.58,16.33,176.25,Summer,No,Yes
629476,CUST007291,2024/05/17,2024,5,17,Friday,2,45,Female,Canada,berlin,Loyal,PROD00900,Fashion,Shoes,QuickCart,209.29,2,15,62.79,Yes,7.08,13.89,376.76, Wallet  ,Desktop,Referral,Standard,Standard,Central,9,Returned,Yes,3.0,3839.91,33.28,125.39,Spring,Yes,No
625862,CUST003350,2026/09/10,2026,9,10,Thursday,3,43,Female,UAE,Mumbai,New,PROD01176,Beauty,Skincare,UrbanCo,27.21,3,0,0.0,Yes,13.38,8.39,103.4,Cash on Delivery,Desktop,Direct,Silver,Standard,East,5,Delivered,No,3.7,1807.46,20.32,21.01,Autumn,No,No
623730,CUST008299,08-May-2025,2025,5,8,Thursday,2,51,Male,Australia,,Returning,PROD01011,sports,Outdoor,Apex,182.31,4,10,72.92,Yes,8.87,85.84,751.03,Credit Card,Mobile,Email,Standard,Standard,Central,7,Delivered,No,4.6,9989.21,19.73,148.18,Spring,No,Yes
604894,CUST000868,25-Aug-2025,2025,8,25,Monday,3,32,Female,France,New York,Returning,PROD00431,electronics,Accessories,PrimePlus,311.09,1,15,46.66,Yes,8.77,35.35,308.55,CREDIT CARD,Mobile,Social Media,Silver,Express,West,4,Delivered,No,3.3,1884.29,21.5,66.34,Summer,No,No
618273,CUST003982,2026-04-07,2026,4,7,Tuesday,2,46,Male,France, karachi  ,Returning,PROD00654,Sports,Outdoor,EcoLife,65.5,1,0,0.0,No,6.51,2.93,74.94, Bank Transfer  ,Desktop,Paid Ads,Standard,Standard,West,2,Delivered,No,3.1,1286.34,20.94,15.69,Spring,No,No
610080,CUST001356,21-Aug-2026,2026,8,21,Friday,3,29,Male,Saudi Arabia,BERLIN,Loyal,PROD02003,Books,Education,Apex,42.78,2,25,21.39,Yes,10.77,7.36,82.3,wallet,Mobile,Social Media,Gold,Express,North,4,Delivered,No,,1695.4,8.22,6.77,Summer,Yes,No
600650,CUST003521,17-May-2025,2025,5,17,Saturday,2,41,Male,Germany,Berlin,New,PROD01828, SPORTS  ,Equipment,QuickCart,72.31,2,0,0.0,Yes,8.32,16.91,N/A,Debit Card,Mobile,Organic Search,Silver,Standard,East,6,Delivered,No,,1495.86,36.18,61.45,Spring,No,No
613193,CUST000862,2024-09-28,2024,9,28,Saturday,3,38,Female,Pakistan, new york  ,New,PROD00637,Books,Education,Apex,50.79,3,30,45.71,Yes,9.36,7.42,123.44,Debit Card,Desktop,Referral,Silver,Standard,West,7,Cancelled,No,5.0,611.26,29.52,36.44,Autumn,No,No
626916,CUST004051,10-Dec-2025,2025,12,10,Wednesday,4,45,Male,Australia,,Returning,PROD01183,GROCERIES,Snacks,Zenith,29.97,5,15,22.48,Yes,13.04,15.78,156.19,Cash on Delivery,Mobile,Paid Ads,Standard,Standard,West,7,Shipped,No,3.4,1405.85,22.03,34.41,Winter,No,No
615986,CUST004634,10/20/2026,2026,10,20,Tuesday,4,41,Female,Germany,Mumbai,Returning,PROD00131,ELECTRONICS,Headphones,ValueMax,584.54,3,25,438.4,Yes,14.98,69.1,1399.3,CREDIT CARD,Mobile,Email,Standard,Express,South,7,Shipped,No,,9973.22,16.75,234.38,Autumn,No,Yes
622181,CUST004649,09/27/2025,2025,9,27,Saturday,3,52,Male,France,Riyadh,Loyal,PROD01376,GROCERIES,Snacks,Trendify,18.33,2,0,0.0,No,16.18,3.44,56.28,BANK TRANSFER,Mobile,Direct,Standard,Express,East,0,Shipped,No,4.6,738.71,11.33,6.38,Autumn,No,No
629344,CUST005411,05/21/2025,2025,5,21,Wednesday,2,45,Female,Germany,mumbai,New,PROD00324,HOME & KITCHEN,Furniture,PrimePlus,162.74,1,5,8.14,No,0.0,18.86,173.46,wallet,Desktop,Social Media,Platinum,Standard,West,5,Delivered,No,,2976.24,11.88,20.61,Spring,No,No
601410,CUST000136,2025-03-30,2025,3,30,Sunday,1,33,Female,United States,Dubai,New,PROD01472,Groceries,Dairy,Apex,29.78,5,0,0.0,No,23.68,16.2,188.78,Debit Card,Mobile,Social Media,Gold,Same Day,South,0,Delivered,No,,3379.08,17.84,33.68,Spring,No,No
628979,CUST007352,2023-11-14,2023,11,14,Tuesday,4,999,Male,United States,,New,PROD00871, Sports  ,Fitness,PrimePlus,87.97,4,5,17.59,No,6.84,24.2,365.33, Bank Transfer  ,Tablet,Social Media,Standard,Pickup,South,5,Returned,Yes,3.0,4000.49,11.17,40.81,Autumn,No,No
622236,CUST007471,13-Aug-2025,2025,8,13,Wednesday,3,44,Female,France,Dubai,Returning,PROD00013,Books,Non-Fiction,PrimePlus,27.18,4,0,0.0,No,9.97,3.9,122.59,PayPal,Desktop,Organic Search,Standard,Pickup,East,5,Delivered,No,,2355.26,32.81,40.22,Summer,No,No
614155,CUST002958,06/08/2025,2025,6,8,Sunday,2,999,Male,Pakistan,,Returning,PROD01376, Sports  ,Equipment,ValueMax,107.69,2,5,10.77,Yes,4.71,25.76,235.08,Wallet,Mobile,Direct,Gold,Standard,North,8,Delivered,No,5.0,3033.92,36.06,84.77,Summer,No,No
623567,CUST002371,2023-05-18,2023,5,18,Thursday,2,41,Female,France,London,Returning,PROD00381, Fashion  ,Shoes,ValueMax,54.16,3,25,40.62,Yes,8.11,9.05,139.02,WALLET,Mobile,Social Media,Silver,Standard,West,0,Delivered,No,4.0,126.11,16.98,23.61,Spring,No,No
608774,CUST006941,24-May-2023,2023,5,24,Wednesday,2,51,Female,Pakistan,PARIS,Premium,PROD00611,Groceries,Beverages,UrbanCo,23.1,3,0,0.0,No,4.22,6.86,80.38, PayPal  ,Mobile,Referral,Standard,Standard,Central,5,Delivered,No,3.6,1656.59,16.35,13.14,Spring,No,No
627666,CUST005855,28-Apr-2025,2025,4,28,Monday,2,37,Male,India,London,Returning,PROD00987,Groceries,Snacks,EcoLife,31.86,2,25,15.93,Yes,8.74,3.37,59.9,Credit Card,Mobile,Paid Ads,Silver,Standard,North,5,Returned,Yes,3.7,1402.94,24.79,14.85,Spring,No,No
614316,CUST002571,2025/01/07,2025,1,7,Tuesday,1,31,Female,Australia, Toronto  ,Returning,PROD00785,HOME & KITCHEN,Furniture,FreshMart,191.33,6,5,57.4,No,8.0,106.69,1205.27,Cash on Delivery,Mobile,Social Media,Standard,Standard,North,6,Processing,No,4.3,3191.8,13.56,163.43,Winter,No,Yes
600579,CUST007147,11-Apr-2023,2023,4,11,Tuesday,2,33,Male,India, LONDON  ,New,PROD00184,Electronics,Laptop,Nova,487.46,1,35,170.61,Yes,6.67,24.21,347.73,BANK TRANSFER,Mobile,Social Media,Standard,Standard,South,4,Processing,No,3.3,3969.94,9.64,33.52,Spring,No,No
610496,CUST003655,27-Jun-2025,2025,6,27,Friday,2,27,Male,UAE,New York,New,PROD00669,toys,Action Figures,Zenith,34.41,3,25,25.81,Yes,6.09,6.27,N/A, PAYPAL  ,Mobile,Referral,Standard,Standard,East,2,Processing,No,4.2,1380.82,29.11,26.13,Summer,No,No
606216,CUST001614,05-Jan-2024,2024,1,5,Friday,1,58,Male,Saudi Arabia,,Loyal,PROD01055,Home & Kitchen,Decor,PrimePlus,251.31,2,30,150.79,Yes,9.44,44.49,405.76,Credit Card,Desktop,Paid Ads,Standard,Standard,Central,7,Delivered,No,3.0,5731.85,29.27,118.77,Winter,No,Yes
602983,CUST002973,2025-01-10,2025,1,10,Friday,1,31,Male,Germany,sydney,New,PROD02126,fashion,Shoes,EcoLife,95.15,2,10,19.03,Yes,6.75,14.52,192.54,Wallet,Mobile,Referral,Standard,Standard,South,7,Delivered,No,4.4,1841.71,14.79,28.48,Winter,No,No
610715,CUST003331,03/31/2025,2025,3,31,Monday,1,999,Male,Canada,sydney,Loyal,PROD02300, Home & Kitchen  ,Decor,QuickCart,192.59,4,10,77.04,Yes,11.78,47.27,752.37,WALLET,Mobile,Organic Search,Standard,Standard,North,8,Delivered,No,5.0,14976.21,16.62,125.04,Spring,Yes,Yes
622662,CUST008152,12-Nov-2024,2024,11,12,Tuesday,4,27,Male,France,Dubai,Loyal,PROD01924, Beauty  ,Makeup,Apex,61.84,6,30,111.31,Yes,15.73,20.73,296.19, PayPal  ,Mobile,Organic Search,Silver,Standard,East,3,Returned,Yes,2.8,4899.86,22.65,67.09,Autumn,No,No
613662,CUST000553,10-Jan-2023,2023,1,10,Tuesday,1,18,Male,United States,,Loyal,PROD02483, Groceries  ,Snacks,EcoLife,9.11,3,5,1.37,No,18.21,2.22,46.39,Bank Transfer,Mobile,Email,Standard,Express,East,0,Delivered,No,4.5,1118.53,33.32,15.46,Winter,No,No
620293,CUST007950,02/07/2026,2026,2,7,Saturday,1,46,Male,United States,,New,PROD01194,home & kitchen,Furniture,Zenith,83.27,4,35,116.58,Yes,18.61,13.19,248.3, wallet  ,Mobile,Paid Ads,Standard,Express,West,4,Delivered,No,4.0,4173.35,26.22,65.1,Winter,No,No
618883,CUST006231,04/15/2023,2023,4,15,Saturday,2,47,Female,France, Dubai  ,New,PROD01714,electronics,Accessories,QuickCart,269.77,4,15,161.86,Yes,17.57,33.16,967.95,Bank Transfer,Mobile,Email,Standard,Express,South,2,Delivered,No,3.9,4535.57,15.75,152.45,Spring,No,Yes
620720,CUST007598,11/15/2023,2023,11,15,Wednesday,4,49,Male,United Kingdom, Riyadh  ,Loyal,PROD02359, home & kitchen  ,Furniture,FreshMart,223.82,2,0,0.0,No,6.57,46.82,501.03,WALLET,Mobile,Direct,Standard,Standard,South,4,Delivered,No,4.0,1492.87,14.82,74.25,Autumn,Yes,Yes
608639,CUST005361,04-Sep-2026,2026,9,4,Friday,3,37,Female,United Kingdom,,New,PROD02218, groceries  ,Beverages,ValueMax,9.37,2,25,4.68,Yes,15.06,1.04,30.16,debit card,Desktop,Paid Ads,Standard,Express,South,7,Delivered,No,3.5,490.67,13.43,4.05,Autumn,No,No
629915,CUST008490,08/02/2025,2025,8,2,Saturday,3,28,Male,Pakistan,TORONTO,Loyal,PROD01416,Electronics,Accessories,QuickCart,357.53,2,30,214.52,Yes,5.33,73.74,579.61, DEBIT CARD  ,Mobile,Social Media,Standard,Standard,North,10,Returned,Yes,2.4,8542.98,9.62,55.76,Summer,No,Yes
605535,CUST002775,2023/12/30,2023,12,30,Saturday,4,48,Male,Canada,RIYADH,Returning,PROD02285,Home & Kitchen,Decor,ValueMax,106.25,4,10,42.5,Yes,24.31,31.71,438.52, PAYPAL  ,Mobile,Social Media,Gold,Same Day,East,1,Delivered,No,4.5,1717.39,27.9,122.35,Winter,Yes,Yes
626866,CUST005164,2024/12/29,2024,12,29,Sunday,4,26,Male,United States,berlin,New,PROD02275, Toys  ,Action Figures,Trendify,28.01,3,10,8.4,Yes,3.73,6.5,85.86, DEBIT CARD  ,Tablet,Email,Gold,Standard,West,6,Delivered,No,4.2,1274.72,35.82,30.76,Winter,No,No
609886,CUST001825,07-May-2024,2024,5,7,Tuesday,2,30,Male,Pakistan,Riyadh,New,PROD01074,Groceries,Dairy,Zenith,21.65,4,25,21.65,Yes,18.92,9.07,N/A, bank transfer  ,Mobile,Direct,Platinum,Same Day,West,2,Shipped,No,5.0,891.67,20.89,19.42,Spring,No,No
600771,CUST002312,2023/10/02,2023,10,2,Monday,4,40,Male,UAE,Dubai,Returning,PROD00498,home & kitchen,Furniture,Trendify,185.6,1,15,27.84,Yes,4.94,7.9,170.6,Bank Transfer,Desktop,Referral,Standard,Standard,West,9,Delivered,No,3.9,486.42,25.55,43.59,Autumn,No,No
600654,CUST005054,16-Oct-2023,2023,10,16,Monday,4,26,Female,United States,Berlin,Premium,PROD02326,Beauty,Haircare,UrbanCo,23.52,7,15,24.7,Yes,12.7,5.85,158.49,debit card,Desktop,Organic Search,Standard,Pickup,Central,4,Delivered,No,3.9,3138.38,32.97,52.25,Autumn,No,No
608654,CUST008084,01/23/2023,2023,1,23,Monday,1,49,Male,Saudi Arabia,Toronto,Loyal,PROD01871, Fashion  ,Women Clothing,Zenith,36.67,2,30,22.0,Yes,15.44,7.13,73.91,debit card,Desktop,Social Media,Standard,Express,South,7,Delivered,No,4.4,1519.4,18.64,13.78,Winter,No,No
627372,CUST005494,11/20/2025,2025,11,20,Thursday,4,52,Male,Saudi Arabia,New York,New,PROD00442,beauty,Fragrance,UrbanCo,33.07,3,0,0.0,No,17.49,7.63,124.33,Wallet,Mobile,Email,Silver,Express,South,5,Delivered,No,4.0,2214.93,35.15,43.7,Autumn,No,No
626209,CUST004250,2025/11/16,2025,11,16,Sunday,4,44,Male,France,mumbai,Returning,PROD01493,GROCERIES,Beverages,PrimePlus,32.42,2,5,3.24,No,15.53,2.86,79.99, paypal  ,Mobile,Direct,Standard,Express,Central,5,Delivered,No,4.2,416.04,17.35,13.88,Autumn,No,No
626890,CUST001933,2026-11-12,2026,11,12,Thursday,4,34,Male,UAE,london,Returning,PROD01403,home & kitchen,Decor,FreshMart,121.12,1,20,24.22,Yes,4.82,12.43,114.15,Cash on Delivery,Desktop,Organic Search,Silver,Standard,East,7,Returned,Yes,,2186.11,12.42,14.18,Autumn,No,No
603077,CUST007433,12/24/2023,2023,12,24,Sunday,4,30,Male,United Kingdom, Sydney  ,Loyal,PROD00555,Sports,Outdoor,FreshMart,89.84,6,15,80.86,Yes,26.17,22.81,507.16,Cash on Delivery,Mobile,Referral,Standard,Same Day,West,0,Shipped,No,4.0,5212.37,14.53,73.69,Winter,Yes,Yes
623223,CUST001349,2025/10/05,2025,10,5,Sunday,4,30,Male,Germany,riyadh,Premium,PROD01218,GROCERIES,Fresh Produce,QuickCart,19.66,3,0,0.0,No,5.41,1.79,66.18, PayPal  ,Mobile,Social Media,Gold,Standard,Central,4,Delivered,No,4.1,1638.55,19.03,12.59,Autumn,No,No
600911,CUST007639,21-Jul-2023,2023,7,21,Friday,3,33,Female,Australia, new york  ,Returning,PROD01514,electronics,Headphones,Zenith,422.91,3,5,63.44,No,5.74,74.39,1285.42,DEBIT CARD,Mobile,Direct,Standard,Standard,West,3,Processing,No,3.8,13377.56,25.23,324.31,Summer,No,Yes
612159,CUST003667,27-Jun-2025,2025,6,27,Friday,2,29,Male,Germany,New York,New,PROD00954,Fashion,Men Clothing,Nova,56.24,2,20,22.5,Yes,9.54,5.58,105.1,Debit Card,Tablet,Paid Ads,Standard,Standard,North,5,Returned,Yes,2.9,1515.0,19.58,20.58,Summer,No,No
618536,CUST001317,19-Jan-2025,2025,1,19,Sunday,1,48,Male,France,Dubai,Returning,PROD00509, FASHION  ,Women Clothing,Apex,80.81,1,10,8.08,Yes,13.28,4.01,90.02,Debit Card,Mobile,Social Media,Silver,Express,North,3,Delivered,No,,1219.58,19.03,17.13,Winter,No,No
629548,CUST002117,08/13/2024,2024,8,13,Tuesday,3,42,Male,United Kingdom,Toronto,Returning,PROD00114,fashion,Bags,Trendify,63.43,3,10,19.03,Yes,9.99,11.42,192.67,WALLET,Mobile,Social Media,Gold,Express,South,4,Shipped,No,4.2,3202.12,21.84,42.08,Summer,No,No
619775,CUST000242,01/25/2023,2023,1,25,Wednesday,1,48,Female,Pakistan,LONDON,Returning,PROD02248,electronics,Headphones,Zenith,690.46,4,0,0.0,No,21.61,265.72,3049.17,PayPal,Mobile,Email,Silver,Same Day,East,2,Delivered,No,4.4,47130.95,25.7,783.64,Winter,No,Yes
616187,CUST007593,2023-04-12,2023,4,12,Wednesday,2,18,Female,India,London,New,PROD00641,Electronics,Laptop,Nova,330.32,3,20,198.19,Yes,14.93,42.38,850.08, Cash on Delivery  ,Mobile,Email,Standard,Express,South,1,Cancelled,No,,12698.6,21.02,178.69,Spring,No,Yes
608720,CUST006737,02-Apr-2026,2026,4,2,Thursday,2,24,Female,Saudi Arabia,riyadh,New,PROD01114, Home & Kitchen  ,Furniture,FreshMart,144.53,6,0,0.0,No,11.74,100.64,979.56, DEBIT CARD  ,Mobile,Paid Ads,Standard,Standard,South,10,Delivered,No,,9583.71,3.0,29.39,Spring,No,Yes
614380,CUST006883,01/11/2023,2023,1,11,Wednesday,1,56,Male,UAE,new york,Loyal,PROD02075,beauty,Haircare,FreshMart,76.19,5,10,38.1,Yes,10.55,40.27,393.67,PayPal,Desktop,Direct,Standard,Standard,West,3,Processing,No,3.8,7471.73,28.63,112.71,Winter,No,Yes
624093,CUST005986,02/03/2025,2025,2,3,Monday,1,18,Male,United States, New York  ,Returning,PROD01169,TOYS,Board Games,PrimePlus,20.68,3,0,0.0,Yes,11.09,4.48,77.61,PayPal,Desktop,Paid Ads,Standard,Standard,Central,4,Delivered,No,3.9,579.25,29.06,22.55,Winter,No,No
617698,CUST007007,2024-04-27,2024,4,27,Saturday,2,32,Female,Pakistan,Paris,New,PROD02134,Toys,Puzzles,ValueMax,40.54,3,30,36.49,Yes,23.85,9.12,118.1,paypal,Mobile,Email,Silver,Same Day,West,0,Delivered,No,3.4,1465.7,32.87,38.82,Spring,No,No
607573,CUST008786,02/28/2025,2025,2,28,Friday,1,31,Male,France, New York  ,Loyal,PROD01497,Groceries,Snacks,PrimePlus,11.07,1,0,0.0,No,2.76,1.04,14.87,Credit Card,Mobile,Direct,Silver,Pickup,East,6,Processing,No,4.0,978.6,18.4,2.74,Winter,No,No
623413,CUST005094,2024-07-11,2024,7,11,Thursday,3,28,Female,Pakistan, Karachi  ,Premium,PROD02437,Electronics,Accessories,Nova,536.94,2,10,107.39,Yes,5.33,81.56,1053.38, Debit Card  ,Mobile,Paid Ads,Standard,Standard,East,4,Processing,No,,9274.31,11.43,120.4,Summer,No,Yes
616747,CUST007155,03/17/2024,2024,3,17,Sunday,1,24,Female,Saudi Arabia,karachi,Returning,PROD02077,books,Comics,Nova,36.84,5,15,27.63,Yes,10.41,11.5,178.48,debit card,Mobile,Social Media,Standard,Standard,North,8,Cancelled,No,3.9,2077.8,10.11,18.04,Spring,No,No
612756,CUST004525,2026-12-05,2026,12,5,Saturday,4,24,Female,Australia, London  ,Returning,PROD01574,books,Comics,Trendify,27.15,4,20,21.72,Yes,11.06,6.06,104.0,PayPal,Mobile,Paid Ads,Silver,Standard,South,5,Processing,No,4.3,738.37,6.26,6.51,Winter,Yes,No
621286,CUST001568,06/10/2026,2026,6,10,Wednesday,2,39,Female,France,Mumbai,Loyal,PROD00761,Toys,Action Figures,QuickCart,49.29,3,0,0.0,No,8.8,12.33,169.0,debit card,Mobile,Organic Search,Standard,Standard,East,4,Delivered,No,,1041.58,32.15,54.33,Summer,No,No
606893,CUST004849,10/06/2023,2023,10,6,Friday,4,27,Female,Pakistan, Riyadh  ,Premium,PROD01828,Groceries,Dairy,Trendify,15.46,2,30,9.28,Yes,8.23,1.53,N/A,Bank Transfer,Desktop,Referral,Standard,Pickup,East,6,Shipped,No,4.0,1614.61,13.53,4.25,Autumn,No,No
604715,CUST005597,25-Jul-2026,2026,7,25,Saturday,3,999,Male,United States,Riyadh,Premium,PROD01864,Beauty,Fragrance,EcoLife,55.5,8,0,0.0,No,11.77,23.82,479.59,PAYPAL,Mobile,Referral,Standard,Standard,South,2,Delivered,No,4.1,7445.63,30.37,145.65,Summer,No,Yes
601027,CUST003706,21-Apr-2023,2023,4,21,Friday,2,18,Female,Saudi Arabia,sydney,Returning,PROD01745,home & kitchen,Furniture,Trendify,151.64,5,15,113.73,Yes,14.35,66.12,724.94,PayPal,Desktop,Social Media,Gold,Express,Central,7,Delivered,No,3.4,8256.76,9.27,67.2,Spring,No,Yes
602711,CUST000619,2025-01-20,2025,1,20,Monday,1,33,Female,France,berlin,New,PROD01853,Fashion,Men Clothing,QuickCart,96.38,2,0,0.0,No,5.24,18.51,216.51, BANK TRANSFER  ,Mobile,Email,Silver,Standard,North,5,Processing,No,,3236.73,37.03,80.17,Winter,No,No
606349,CUST004610,01/19/2023,2023,1,19,Thursday,1,36,Female,United Kingdom, London  ,Returning,PROD00386,Groceries,Fresh Produce,QuickCart,13.29,1,25,3.32,Yes,3.82,0.85,14.64,PayPal,Mobile,Paid Ads,Standard,Standard,Central,7,Delivered,No,,287.43,15.53,2.27,Winter,No,No
627068,CUST006363,06/06/2024,2024,6,6,Thursday,2,34,Female,UAE,SYDNEY,New,PROD00679,books,Non-Fiction,FreshMart,26.09,3,15,11.74,Yes,4.41,8.79,79.73,Cash on Delivery,Mobile,Direct,Standard,Pickup,West,2,Delivered,No,3.9,824.64,16.35,13.04,Summer,No,No
622743,CUST007177,05/01/2023,2023,5,1,Monday,2,45,Other,Australia,,New,PROD00689,Sports,Fitness,EcoLife,62.19,5,20,62.19,Yes,25.61,11.19,285.56,Credit Card,Mobile,Email,Silver,Same Day,East,2,Delivered,No,3.6,1300.47,14.74,42.09,Spring,No,No
607831,CUST003863,28-Apr-2023,2023,4,28,Friday,2,44,Female,United States,LONDON,Returning,PROD02347,FASHION,Men Clothing,Trendify,38.82,3,25,29.12,Yes,6.84,5.19,99.37, debit card  ,Desktop,Direct,Standard,Standard,South,4,Shipped,No,4.1,2127.72,28.6,28.42,Spring,No,No
601250,CUST002201,07/22/2025,2025,7,22,Tuesday,3,44,Male,United Kingdom,riyadh,Loyal,PROD00002,Toys,Action Figures,PrimePlus,50.9,4,15,30.54,Yes,16.09,23.44,212.59,debit card,Mobile,Direct,Standard,Express,South,4,Delivered,No,3.8,4362.03,20.2,42.94,Summer,Yes,No
627745,CUST005859,08/18/2026,2026,8,18,Tuesday,3,999,Female,India, New York  ,New,PROD02054,home & kitchen,Decor,Apex,324.55,3,0,0.0,No,16.44,38.18,1028.27,debit card,Tablet,Social Media,Silver,Express,East,7,Delivered,No,,15726.3,30.14,309.92,Summer,No,Yes
607138,CUST004942,2025/12/19,2025,12,19,Friday,4,38,Female,UAE,,New,PROD01731,sports,Equipment,FreshMart,38.74,3,25,29.06,Yes,7.78,7.65,102.59, PayPal  ,Mobile,Direct,Silver,Standard,South,4,Cancelled,No,4.1,1704.19,18.25,18.72,Winter,No,No
624773,CUST001358,28-Jun-2024,2024,6,28,Friday,2,35,Female,UAE,Berlin,New,PROD00107,Beauty,Skincare,Apex,29.3,7,15,30.76,Yes,13.99,22.08,210.41,PayPal,Mobile,Direct,Silver,Standard,East,7,Delivered,No,,818.75,16.93,35.62,Summer,Yes,No
629421,CUST007558,01/22/2023,2023,1,22,Sunday,1,36,Male,Pakistan,Mumbai,Returning,PROD02489,GROCERIES,Dairy,Trendify,17.08,3,25,12.81,Yes,5.9,2.52,46.85,Cash on Delivery,Desktop,Social Media,Standard,Standard,Central,5,Delivered,No,3.1,425.32,11.13,5.21,Winter,No,No
612155,CUST003415,2026/01/29,2026,1,29,Thursday,1,37,Male,Pakistan,Dubai,Premium,PROD00590,GROCERIES,Beverages,QuickCart,28.03,8,0,0.0,No,5.26,20.29,249.79,DEBIT CARD,Mobile,Paid Ads,Platinum,Pickup,West,2,Delivered,No,4.1,5189.44,22.88,57.15,Winter,No,No
604512,CUST006212,07/01/2025,2025,7,1,Tuesday,3,40,Male,UAE,Mumbai,Returning,PROD02330,Groceries,Fresh Produce,QuickCart,49.64,2,15,14.89,Yes,20.54,6.42,111.35,Wallet,Mobile,Referral,Standard,Same Day,West,0,Delivered,No,4.1,981.18,15.74,17.53,Summer,No,No
605644,CUST002805,2025-07-17,2025,7,17,Thursday,3,30,Male,France, london  ,Returning,PROD00043, BEAUTY  ,Haircare,Trendify,51.39,1,0,0.0,No,12.96,2.27,66.62,Bank Transfer,Mobile,Email,Standard,Express,West,5,Shipped,No,5.0,20.0,32.38,21.57,Summer,No,No
627287,CUST005298,05/21/2025,2025,5,21,Wednesday,2,52,Male,Pakistan,Riyadh,Loyal,PROD01087, Home & Kitchen  ,Cookware,Zenith,97.44,4,5,19.49,No,23.5,45.95,439.72,credit card,Desktop,Referral,Silver,Same Day,West,7,Shipped,No,5.0,4405.22,24.57,108.04,Spring,No,Yes
624821,CUST002839,13-Jul-2025,2025,7,13,Sunday,3,44,Female,France, Paris  ,Returning,PROD01648,Fashion,Shoes,UrbanCo,81.32,4,25,81.32,Yes,16.42,15.19,N/A,PayPal,Desktop,Organic Search,Standard,Express,South,3,Delivered,No,4.5,3850.63,17.2,47.4,Summer,Yes,No
611688,CUST008448,15-Aug-2025,2025,8,15,Friday,3,39,Male,France,PARIS,Returning,PROD00105,Electronics,Accessories,PrimePlus,654.69,4,10,261.88,Yes,24.54,307.39,2688.81,paypal,Desktop,Direct,Standard,Same Day,South,3,Returned,Yes,2.8,30215.66,4.83,129.87,Summer,No,Yes
617477,CUST000140,2026/08/11,2026,8,11,Tuesday,3,39,Male,United States, Dubai  ,Loyal,PROD00656,Home & Kitchen,Cookware,UrbanCo,79.35,4,0,0.0,No,6.81,26.52,350.73,bank transfer,Desktop,Email,Standard,Standard,West,8,Delivered,No,4.9,1604.44,15.32,53.73,Summer,No,No
613655,CUST005146,01-Feb-2026,2026,2,1,Sunday,1,999,Male,Germany,New York,Returning,PROD01063,Groceries,Beverages,Nova,20.09,4,35,28.13,Yes,16.36,4.72,73.31,Debit Card,Mobile,Organic Search,Standard,Express,Central,4,Processing,No,,1150.47,10.99,8.06,Winter,No,No
627139,CUST007161,07-Sep-2024,2024,9,7,Saturday,3,39,Male,Australia,Riyadh,New,PROD01984,Electronics,Accessories,QuickCart,230.82,2,5,23.08,No,6.74,31.18,476.48,Cash on Delivery,Desktop,Email,Silver,Standard,Central,4,Delivered,No,4.0,2060.73,12.97,61.8,Autumn,No,Yes
618117,CUST004807,2023/07/04,2023,7,4,Tuesday,3,33,Female,United Kingdom,Berlin,Loyal,PROD00146,Groceries,Snacks,Zenith,17.3,1,0,0.0,No,16.42,1.19,34.91,Cash on Delivery,Mobile,Referral,Standard,Same Day,South,3,Cancelled,No,4.8,1204.15,20.75,7.24,Summer,No,No
603561,CUST002926,03/02/2023,2023,3,2,Thursday,1,50,Male,United Kingdom,MUMBAI,New,PROD01961,Beauty,Skincare,Trendify,47.23,5,0,0.0,No,17.55,12.68,266.38,Credit Card,Mobile,Referral,Standard,Express,North,3,Delivered,No,4.2,2127.12,43.8,116.67,Spring,No,No
608065,CUST008921,2025/11/10,2025,11,10,Monday,4,55,Male,Pakistan, Dubai  ,New,PROD00593,GROCERIES,Dairy,UrbanCo,21.94,1,20,4.39,Yes,10.05,2.38,29.98,DEBIT CARD,Mobile,Email,Gold,Express,Central,5,Delivered,No,4.4,20.0,11.65,3.49,Autumn,Yes,No
626870,CUST008510,2026/03/05,2026,3,5,Thursday,1,43,Female,India,TORONTO,Loyal,PROD02417,Home & Kitchen,Cookware,Nova,112.34,2,0,0.0,No,4.9,14.93,244.51,Cash on Delivery,Desktop,Email,Silver,Standard,Central,9,Delivered,No,3.5,1283.41,25.17,61.54,Spring,No,No
626064,CUST003831,2023/05/02,2023,5,2,Tuesday,2,45,Female,France, Toronto  ,Returning,PROD00626,Fashion,Bags,QuickCart,60.97,3,35,64.02,Yes,12.51,13.01,144.41,Credit Card,Mobile,Direct,Silver,Express,Central,1,Returned,Yes,3.8,1091.24,45.76,66.08,Spring,No,No
610848,CUST001558,23-Oct-2026,2026,10,23,Friday,4,18,Female,India,dubai,Returning,PROD00437,Electronics,Mobile,Zenith,543.82,3,0,0.0,No,6.0,191.85,1829.31, bank transfer  ,Mobile,Referral,Silver,Standard,Central,9,Returned,Yes,2.6,13952.32,13.17,240.92,Autumn,No,Yes
623235,CUST007039,06-Dec-2025,2025,12,6,Saturday,4,23,Female,India,Riyadh,Returning,PROD02410,beauty,Fragrance,Apex,46.24,3,40,55.49,Yes,16.73,16.63,116.59,CREDIT CARD,Mobile,Organic Search,Standard,Express,South,4,Delivered,No,4.3,1713.94,35.23,41.07,Winter,No,No
628315,CUST007730,2024/07/31,2024,7,31,Wednesday,3,24,Female,India,Berlin,Returning,PROD01491,Toys,Action Figures,Trendify,24.95,3,5,3.74,No,15.33,3.6,90.04,BANK TRANSFER,Mobile,Direct,Gold,Express,East,4,Delivered,No,,1100.23,28.89,26.01,Summer,No,No
625666,CUST002649,13-Jun-2026,2026,6,13,Saturday,2,38,Male,Australia,Mumbai,New,PROD00003,Groceries,Fresh Produce,Nova,18.55,2,20,7.42,Yes,6.58,2.77,39.03,debit card,Mobile,Organic Search,Standard,Standard,South,5,Delivered,No,3.5,446.2,9.72,3.79,Summer,No,No
612815,CUST005848,2024/03/05,2024,3,5,Tuesday,1,33,Female,France, berlin  ,Returning,PROD00573, Groceries  ,Fresh Produce,Nova,28.61,2,10,5.72,Yes,7.46,6.73,65.69,PayPal,Desktop,Organic Search,Standard,Standard,South,6,Delivered,No,4.1,958.85,12.81,8.41,Spring,No,No
628987,CUST002778,12/06/2024,2024,12,6,Friday,4,61,Male,Germany, London  ,Loyal,PROD01781,Books,Non-Fiction,Zenith,34.61,2,0,0.0,No,1.44,7.16,77.82,Bank Transfer,Mobile,Social Media,Standard,Standard,West,6,Delivered,No,3.8,1461.51,14.0,10.89,Winter,Yes,No
629472,CUST004104,08-Aug-2026,2026,8,8,Saturday,3,49,Female,Germany,,Returning,PROD02054,Fashion,Bags,Trendify,39.57,4,0,0.0,No,5.39,14.54,178.21,paypal,Mobile,Organic Search,Silver,Standard,West,7,Delivered,No,2.4,1499.1,21.21,37.8,Summer,No,No
619775,CUST000242,01/25/2023,2023,1,25,Wednesday,1,48,Female,Pakistan,LONDON,Returning,PROD02248,electronics,Headphones,Zenith,690.46,4,0,0.0,No,21.61,265.72,3049.17,PayPal,Mobile,Email,Silver,Same Day,East,2,Delivered,No,4.4,47130.95,25.7,783.64,Winter,No,Yes
608774,CUST006941,24-May-2023,2023,5,24,Wednesday,2,51,Female,Pakistan,PARIS,Premium,PROD00611,Groceries,Beverages,UrbanCo,23.1,3,0,0.0,No,4.22,6.86,80.38, PayPal  ,Mobile,Referral,Standard,Standard,Central,5,Delivered,No,3.6,1656.59,16.35,13.14,Spring,No,No
618273,CUST003982,2026-04-07,2026,4,7,Tuesday,2,46,Male,France, karachi  ,Returning,PROD00654,Sports,Outdoor,EcoLife,65.5,1,0,0.0,No,6.51,2.93,74.94, Bank Transfer  ,Desktop,Paid Ads,Standard,Standard,West,2,Delivered,No,3.1,1286.34,20.94,15.69,Spring,No,No
615773,CUST005436,10/11/2024,2024,10,11,Friday,4,30,Male,India,BERLIN,Loyal,PROD00855,Home & Kitchen,Cookware,PrimePlus,195.17,4,15,117.1,Yes,10.13,93.18,766.89,PayPal,Desktop,Paid Ads,Standard,Standard,West,9,Delivered,No,4.2,13094.1,13.65,104.68,Autumn,No,Yes
604715,CUST005597,25-Jul-2026,2026,7,25,Saturday,3,999,Male,United States,Riyadh,Premium,PROD01864,Beauty,Fragrance,EcoLife,55.5,8,0,0.0,No,11.77,23.82,479.59,PAYPAL,Mobile,Referral,Standard,Standard,South,2,Delivered,No,4.1,7445.63,30.37,145.65,Summer,No,Yes
627068,CUST006363,06/06/2024,2024,6,6,Thursday,2,34,Female,UAE,SYDNEY,New,PROD00679,books,Non-Fiction,FreshMart,26.09,3,15,11.74,Yes,4.41,8.79,79.73,Cash on Delivery,Mobile,Direct,Standard,Pickup,West,2,Delivered,No,3.9,824.64,16.35,13.04,Summer,No,No
600983,CUST005813,2024-12-25,2024,12,25,Wednesday,4,37,Female,Saudi Arabia,toronto,New,PROD01691,Groceries,Beverages,QuickCart,18.93,2,0,0.0,No,15.64,3.96,57.46,BANK TRANSFER,Mobile,Paid Ads,Standard,Express,Central,4,Delivered,No,4.1,586.98,21.83,12.54,Winter,Yes,No
